[
    {
        "id": 1,
        "itemName": "bread",
        "icon": "images/bread.png",
        "alt" : "bread",
        "description" : "white bread loaf",
        "qty" : 100,
        "price" : 10
    },
    {
        "id": 2,
        "itemName": "milk",
        "icon": "images/milk.png",
        "alt" : "milk",
        "description" : "1 liter dairy milk, 10% fat",
        "qty" : 100,
        "price" : 8
    },
    {
        "id": 3,
        "itemName": "eggs",
        "icon": "images/Eggs.jpg",
        "alt" : "eggs",
        "description" : "a carton of ten free range eggs",
        "qty" : 100,
        "price" : 12
    },
    {
        "id": 4,
        "itemName": "water",
        "icon": "images/water.jpg",
        "alt" : "water",
        "description" : "1 liter of water",
        "qty" : 100,
        "price" : 5
    },
    {
        "id": 5,
        "itemName": "chips",
        "icon": "images/chips.png",
        "alt" : "chips",
        "description" : "a bag of classic lay's potato chips",
        "qty" : 100,
        "price" : 2
    },
    {
        "id": 6,
        "itemName": "soda",
        "icon": "images/soda.jpg",
        "alt" : "soda",
        "description" : "a varity of 200ml soda",
        "qty" : 100,
        "price" : 5.5
    }
]