{
    "users": [
        {
            "Email": "bob@bob.com",
            "Password": "1",
            "Name": "bob",
            "Access": "user",
            "Orders": [
                {
                    "id": 1,
                    "Order": [
                        {
                            "id": 1,
                            "itemName": "bread",
                            "icon": "images/bread.png",
                            "alt": "bread",
                            "description": "white bread loaf",
                            "qty": 100,
                            "price": 10
                        },
                        {
                            "id": 2,
                            "itemName": "milk",
                            "icon": "images/milk.png",
                            "alt": "milk",
                            "description": "1 liter dairy milk, 10% fat",
                            "qty": 100,
                            "price": 8
                        }
                    ],
                    "totalPrice": 18
                },
                {
                    "id": 2,
                    "Order": [
                        {
                            "id": 2,
                            "itemName": "milk",
                            "icon": "images/milk.png",
                            "alt": "milk",
                            "description": "1 liter dairy milk, 10% fat",
                            "qty": 100,
                            "price": 8
                        },
                        {
                            "id": 3,
                            "itemName": "eggs",
                            "icon": "images/Eggs.jpg",
                            "alt": "eggs",
                            "description": "a carton of ten free range eggs",
                            "qty": 100,
                            "price": 12
                        },
                        {
                            "id": 1,
                            "itemName": "bread",
                            "icon": "images/bread.png",
                            "alt": "bread",
                            "description": "white bread loaf",
                            "qty": 100,
                            "price": 10
                        }
                    ],
                    "totalPrice": 30
                }
            ]
        },
        {
            "Email": "don@google.com",
            "Password": "111111",
            "Name": "don",
            "Access": "user",
            "Orders": [
                {}
            ]
        },
        {
            "Email": "iris@yahoo.com",
            "Password": "120956",
            "Name": "iris",
            "Access": "user",
            "Orders": [
                {}
            ]
        },
        {
            "Email": "Admin@admin.com",
            "Password": "1100754",
            "Name": "admin",
            "Access": "admin",
            "Orders": [
                {}
            ]
        }
    ]
}